               epoch,      train/box_loss,      train/obj_loss,      train/cls_loss,   metrics/precision,      metrics/recall,     metrics/mAP_0.5,metrics/mAP_0.5:0.95,        val/box_loss,        val/obj_loss,        val/cls_loss,               x/lr0,               x/lr1,               x/lr2
                   0,            0.091449,            0.051535,            0.029363,             0.12042,             0.37594,            0.097152,            0.027975,             0.05603,            0.046746,            0.026771,           0.0033143,           0.0033143,            0.070171
                   1,            0.064325,             0.05028,            0.026234,             0.16722,             0.32603,             0.15391,            0.051072,            0.059059,             0.03276,            0.024986,           0.0066345,           0.0066345,            0.040158
                   2,            0.062103,            0.043358,            0.025626,             0.26463,             0.48648,              0.2526,            0.086529,            0.045692,            0.032805,            0.024955,           0.0099414,           0.0099414,            0.010132
                   3,            0.054901,            0.041132,             0.02494,             0.31737,             0.53651,             0.32397,             0.17432,            0.040974,            0.030269,            0.025009,           0.0099406,           0.0099406,           0.0099406
                   4,            0.042299,            0.040398,            0.024453,             0.38652,             0.61272,             0.41983,              0.2253,            0.033296,            0.031065,            0.024704,           0.0099406,           0.0099406,           0.0099406
                   5,            0.039872,            0.037847,            0.022497,             0.48322,             0.54701,             0.48517,              0.2358,            0.035705,            0.031097,            0.023183,           0.0099208,           0.0099208,           0.0099208
                   6,            0.039531,            0.035541,            0.019665,             0.53937,             0.56599,             0.53974,             0.27343,            0.034883,            0.031027,            0.021064,            0.009901,            0.009901,            0.009901
                   7,            0.035928,            0.035343,            0.016771,             0.55538,             0.58504,               0.564,              0.3129,            0.031684,            0.031042,            0.019637,           0.0098812,           0.0098812,           0.0098812
                   8,            0.035783,            0.034855,            0.013672,             0.59559,             0.52533,             0.56932,             0.33445,            0.031265,            0.030971,            0.019724,           0.0098614,           0.0098614,           0.0098614
                   9,            0.033389,            0.034918,             0.01253,             0.58102,              0.5928,             0.59365,             0.33322,            0.031426,            0.031344,            0.022288,           0.0098416,           0.0098416,           0.0098416
                  10,            0.031537,            0.033183,            0.011801,             0.56004,               0.559,             0.58289,             0.33872,            0.031964,            0.031295,            0.019864,           0.0098218,           0.0098218,           0.0098218
                  11,            0.034146,            0.032732,            0.011663,             0.54019,              0.5903,              0.5716,              0.3061,            0.033895,              0.0308,            0.020752,            0.009802,            0.009802,            0.009802
                  12,            0.031372,            0.033066,            0.010758,             0.55286,              0.5481,             0.56681,             0.33937,            0.028473,            0.034511,            0.019653,           0.0097822,           0.0097822,           0.0097822
                  13,            0.030728,            0.032398,             0.01018,             0.55892,             0.58048,             0.57256,             0.34871,            0.028232,            0.032243,            0.022117,           0.0097624,           0.0097624,           0.0097624
                  14,            0.031907,            0.032913,           0.0093154,              0.6207,             0.52118,             0.55833,             0.32827,             0.02946,            0.034938,            0.022592,           0.0097426,           0.0097426,           0.0097426
                  15,            0.030809,             0.03105,           0.0090246,             0.56503,             0.52562,             0.55184,             0.33915,            0.028986,            0.034445,            0.021661,           0.0097228,           0.0097228,           0.0097228
                  16,            0.029235,            0.031372,           0.0085792,             0.63832,              0.5367,             0.58718,             0.34782,            0.028857,            0.031864,            0.024185,            0.009703,            0.009703,            0.009703
                  17,            0.029379,             0.03024,           0.0093818,             0.60124,             0.56242,             0.57807,             0.34018,            0.030274,             0.03292,            0.023283,           0.0096832,           0.0096832,           0.0096832
                  18,            0.029254,            0.031015,           0.0086851,              0.5898,             0.58481,             0.58448,             0.36638,            0.028379,            0.035674,            0.019904,           0.0096634,           0.0096634,           0.0096634
                  19,            0.029181,            0.030549,           0.0081404,             0.59841,             0.54046,             0.55547,             0.31404,            0.031822,            0.036821,            0.020626,           0.0096436,           0.0096436,           0.0096436
                  20,            0.029028,             0.03015,           0.0077497,             0.54199,             0.62277,             0.57516,              0.3485,              0.0283,            0.032491,            0.019541,           0.0096238,           0.0096238,           0.0096238
                  21,            0.028029,            0.030233,           0.0066322,             0.55978,             0.58608,             0.56117,               0.334,            0.028423,            0.033306,            0.022044,            0.009604,            0.009604,            0.009604
                  22,            0.027282,            0.029373,           0.0075614,             0.59412,             0.51387,             0.54458,             0.32723,            0.028311,            0.034154,            0.023179,           0.0095842,           0.0095842,           0.0095842
                  23,            0.028311,            0.030143,           0.0066045,             0.50364,             0.56946,             0.51598,             0.31184,            0.028519,            0.035081,            0.023697,           0.0095644,           0.0095644,           0.0095644
                  24,            0.028723,            0.028602,           0.0067167,             0.58269,             0.58039,             0.55923,             0.31755,            0.030583,            0.033243,            0.024485,           0.0095446,           0.0095446,           0.0095446
                  25,            0.027292,            0.029865,           0.0070109,             0.54496,             0.56771,             0.54173,             0.32258,            0.029147,            0.036223,            0.022793,           0.0095248,           0.0095248,           0.0095248
                  26,            0.027508,            0.028359,           0.0057767,             0.55164,             0.54771,              0.5576,              0.3336,            0.029795,            0.035615,            0.027328,            0.009505,            0.009505,            0.009505
                  27,            0.027234,            0.028771,           0.0064069,             0.62196,             0.51772,             0.58356,             0.35448,            0.028318,            0.035079,            0.023239,           0.0094852,           0.0094852,           0.0094852
                  28,             0.02701,            0.027493,           0.0061717,             0.51987,             0.58636,             0.55627,             0.33783,            0.028385,            0.034863,            0.022876,           0.0094654,           0.0094654,           0.0094654
                  29,             0.02721,            0.027699,           0.0061667,             0.56864,             0.52262,             0.52883,              0.3113,            0.029975,            0.035885,            0.024727,           0.0094456,           0.0094456,           0.0094456
                  30,            0.027741,            0.027639,           0.0057646,             0.64637,             0.47218,             0.53616,             0.32514,             0.02881,            0.038829,            0.026205,           0.0094258,           0.0094258,           0.0094258
                  31,            0.026659,            0.027067,           0.0053582,             0.56314,             0.50745,             0.53733,             0.32238,            0.029655,             0.03729,            0.023813,            0.009406,            0.009406,            0.009406
                  32,            0.026209,            0.027475,           0.0054484,             0.57219,             0.54227,             0.55516,             0.34144,            0.028013,            0.037245,            0.027189,           0.0093862,           0.0093862,           0.0093862
                  33,            0.025477,            0.026444,           0.0064857,             0.63048,             0.48149,             0.55299,             0.34544,            0.027897,            0.035696,            0.024159,           0.0093664,           0.0093664,           0.0093664
                  34,            0.025301,            0.028132,           0.0057157,              0.5941,             0.54838,             0.57521,             0.36533,            0.027078,             0.03753,            0.019427,           0.0093466,           0.0093466,           0.0093466
                  35,            0.026406,            0.027387,           0.0053546,             0.56333,             0.53618,             0.51976,             0.32789,            0.027883,            0.038084,            0.025118,           0.0093268,           0.0093268,           0.0093268
                  36,            0.024652,            0.027009,           0.0054069,             0.57883,             0.53171,             0.54652,              0.3388,            0.028289,            0.037457,            0.025308,            0.009307,            0.009307,            0.009307
                  37,            0.025521,            0.025952,           0.0062307,             0.56252,             0.56893,             0.54594,             0.33875,            0.028125,            0.036816,             0.02588,           0.0092872,           0.0092872,           0.0092872
                  38,            0.024782,             0.02566,           0.0047661,             0.55975,             0.55298,             0.55107,             0.34561,            0.027877,            0.039186,            0.022242,           0.0092674,           0.0092674,           0.0092674
                  39,            0.024057,            0.025788,           0.0049894,             0.58408,             0.53334,              0.5461,             0.33877,            0.027754,            0.039338,             0.02491,           0.0092476,           0.0092476,           0.0092476
                  40,            0.024791,            0.025477,           0.0045731,             0.66103,             0.51991,             0.57271,             0.35962,            0.027333,            0.038815,            0.023963,           0.0092278,           0.0092278,           0.0092278
                  41,            0.026347,            0.026569,             0.00464,             0.67447,             0.53344,             0.59598,             0.38109,             0.02734,            0.036281,            0.022154,            0.009208,            0.009208,            0.009208
                  42,            0.025204,            0.025874,           0.0044219,             0.56364,             0.55146,             0.54966,             0.34928,            0.027748,            0.041409,            0.020582,           0.0091882,           0.0091882,           0.0091882
                  43,            0.024669,            0.025221,           0.0050557,             0.56389,             0.53185,             0.52345,             0.33164,            0.028778,            0.044033,            0.024351,           0.0091684,           0.0091684,           0.0091684
                  44,            0.025191,             0.02493,            0.005453,             0.55753,             0.51614,             0.52608,              0.3286,            0.027915,            0.040745,            0.026347,           0.0091486,           0.0091486,           0.0091486
                  45,            0.024492,            0.025399,           0.0045334,             0.57329,             0.52946,             0.54245,             0.33853,            0.027967,            0.042137,            0.023548,           0.0091288,           0.0091288,           0.0091288
                  46,            0.023871,            0.024956,           0.0045066,             0.60838,             0.52701,             0.55431,             0.34042,            0.027848,            0.039082,            0.026461,            0.009109,            0.009109,            0.009109
                  47,            0.024352,            0.024541,           0.0041625,             0.55856,             0.54999,             0.55748,             0.34467,            0.027598,            0.038638,            0.025427,           0.0090892,           0.0090892,           0.0090892
                  48,            0.024379,            0.023612,           0.0049038,             0.59443,             0.51804,             0.54804,             0.33547,            0.027981,            0.039664,            0.026072,           0.0090694,           0.0090694,           0.0090694
                  49,            0.024231,            0.025367,           0.0041625,             0.64607,             0.51501,             0.54578,             0.33688,            0.028618,            0.041418,            0.025563,           0.0090496,           0.0090496,           0.0090496
                  50,            0.023541,            0.024535,           0.0044496,             0.59559,             0.51927,             0.54054,              0.3313,            0.028658,            0.040125,            0.027331,           0.0090298,           0.0090298,           0.0090298
                  51,              0.0229,            0.024209,           0.0045854,             0.62755,             0.49855,             0.55034,             0.34161,            0.028452,            0.040508,            0.025733,             0.00901,             0.00901,             0.00901
                  52,            0.024097,            0.024964,           0.0036494,             0.62491,             0.49389,             0.55637,             0.35473,            0.027865,            0.042821,            0.026816,           0.0089902,           0.0089902,           0.0089902
                  53,            0.023789,            0.024492,           0.0038135,             0.56361,             0.50504,              0.5341,             0.32354,            0.029321,            0.041445,            0.026573,           0.0089704,           0.0089704,           0.0089704
                  54,            0.024588,            0.024641,            0.004069,             0.57178,             0.52416,             0.52698,             0.33013,            0.028371,            0.040767,            0.027702,           0.0089506,           0.0089506,           0.0089506
                  55,            0.023524,            0.024389,           0.0040755,             0.60197,             0.50159,             0.55516,             0.34963,            0.027725,            0.039089,            0.026159,           0.0089308,           0.0089308,           0.0089308
                  56,            0.022803,            0.024261,            0.003962,             0.55907,             0.56423,             0.53793,             0.32089,            0.028798,            0.042112,            0.025035,            0.008911,            0.008911,            0.008911
                  57,            0.024417,            0.024363,           0.0037421,             0.47377,             0.63947,             0.55281,              0.3494,            0.027505,            0.036838,            0.025508,           0.0088912,           0.0088912,           0.0088912
                  58,            0.023775,            0.024073,           0.0042679,             0.53386,             0.54987,             0.53772,             0.33674,            0.028512,            0.044156,            0.026848,           0.0088714,           0.0088714,           0.0088714
                  59,            0.023341,            0.024241,           0.0041282,             0.58423,             0.54818,              0.5432,             0.33285,            0.028911,            0.041819,            0.024097,           0.0088516,           0.0088516,           0.0088516
                  60,            0.024034,            0.024981,           0.0036064,             0.54445,              0.5562,             0.53048,             0.33368,            0.027549,            0.038636,            0.029287,           0.0088318,           0.0088318,           0.0088318
                  61,            0.022475,            0.023906,           0.0038355,             0.60372,             0.52122,              0.5703,             0.36005,            0.027138,             0.03955,            0.023141,            0.008812,            0.008812,            0.008812
                  62,             0.02295,            0.024209,           0.0032504,             0.53466,             0.57491,             0.53961,             0.33759,            0.027921,            0.041377,            0.026077,           0.0087922,           0.0087922,           0.0087922
                  63,            0.022344,            0.022956,           0.0030627,             0.56353,             0.59968,             0.55635,             0.34609,            0.027431,            0.038023,             0.02863,           0.0087724,           0.0087724,           0.0087724
                  64,            0.023391,            0.023905,           0.0035302,             0.62189,             0.52429,             0.55819,             0.34982,            0.028553,            0.040214,            0.025544,           0.0087526,           0.0087526,           0.0087526
                  65,            0.023055,            0.023518,           0.0032916,               0.544,             0.58143,             0.54881,             0.34408,            0.027647,            0.038843,            0.027829,           0.0087328,           0.0087328,           0.0087328
                  66,            0.022691,            0.023874,           0.0038251,              0.5939,             0.55906,             0.55161,             0.33453,            0.029148,            0.042907,            0.024948,            0.008713,            0.008713,            0.008713
                  67,            0.022116,            0.023349,           0.0033818,             0.55232,             0.54154,             0.53075,             0.33792,            0.027812,            0.045214,            0.029778,           0.0086932,           0.0086932,           0.0086932
                  68,             0.02285,            0.024077,           0.0038019,             0.57989,             0.50606,             0.51859,             0.32992,            0.027669,            0.045218,            0.027535,           0.0086734,           0.0086734,           0.0086734
                  69,            0.022115,            0.023364,           0.0037183,             0.63509,             0.49376,             0.54067,             0.33157,            0.028869,            0.044171,            0.028373,           0.0086536,           0.0086536,           0.0086536
                  70,            0.022404,            0.022799,            0.003347,              0.5848,             0.56807,             0.56388,             0.35817,            0.027426,            0.041747,            0.023962,           0.0086338,           0.0086338,           0.0086338
                  71,            0.022355,            0.023311,           0.0032759,             0.59923,             0.52424,             0.52605,             0.32417,            0.028376,            0.043354,            0.028059,            0.008614,            0.008614,            0.008614
                  72,            0.022403,            0.023367,           0.0029331,             0.60384,              0.5197,             0.55099,             0.34448,            0.027272,             0.04218,            0.027532,           0.0085942,           0.0085942,           0.0085942
                  73,            0.022023,            0.022843,           0.0032941,             0.58433,             0.51072,             0.53494,             0.32462,            0.028258,            0.043204,            0.027407,           0.0085744,           0.0085744,           0.0085744
                  74,            0.021951,            0.023422,           0.0034147,             0.57367,             0.52558,             0.56265,             0.34402,            0.028164,            0.042353,             0.02532,           0.0085546,           0.0085546,           0.0085546
                  75,            0.021851,            0.022306,           0.0034057,             0.54727,             0.53435,             0.51913,             0.32616,            0.027918,            0.047504,            0.027734,           0.0085348,           0.0085348,           0.0085348
                  76,            0.022088,            0.022531,           0.0037777,             0.54586,             0.53787,             0.51232,             0.32501,            0.028057,            0.046986,            0.027145,            0.008515,            0.008515,            0.008515
                  77,            0.022449,            0.023616,           0.0029854,             0.54658,             0.55075,             0.53008,             0.33378,            0.028092,            0.044836,            0.028339,           0.0084952,           0.0084952,           0.0084952
                  78,            0.022009,             0.02216,           0.0031964,             0.63916,             0.50002,             0.54727,             0.34583,            0.028474,            0.043442,            0.027296,           0.0084754,           0.0084754,           0.0084754
                  79,            0.021657,            0.022783,           0.0035653,             0.55644,             0.53692,             0.51666,             0.33342,            0.027849,             0.04722,            0.025583,           0.0084556,           0.0084556,           0.0084556
                  80,             0.02205,             0.02331,           0.0029698,             0.57817,             0.52568,             0.52101,             0.32786,            0.027563,            0.046499,            0.027929,           0.0084358,           0.0084358,           0.0084358
                  81,            0.021959,            0.022788,           0.0032477,             0.64522,             0.50914,             0.57542,             0.36659,            0.027163,            0.042183,            0.029058,            0.008416,            0.008416,            0.008416
                  82,            0.021001,            0.022464,           0.0035483,             0.61034,             0.53732,             0.58033,             0.37408,            0.027924,            0.046095,            0.023275,           0.0083962,           0.0083962,           0.0083962
                  83,            0.021745,            0.022797,           0.0034334,             0.60779,             0.51318,             0.54901,             0.35195,            0.027292,            0.043725,            0.027904,           0.0083764,           0.0083764,           0.0083764
                  84,            0.020853,            0.022168,           0.0029772,             0.62747,             0.50394,             0.54487,             0.33943,            0.027906,            0.046171,             0.02611,           0.0083566,           0.0083566,           0.0083566
                  85,            0.020744,            0.021892,           0.0035174,             0.62057,             0.51812,             0.54474,             0.34339,            0.027889,            0.045882,            0.025669,           0.0083368,           0.0083368,           0.0083368
                  86,            0.021476,            0.021925,           0.0028704,             0.60093,             0.53791,              0.5625,             0.35675,            0.027715,            0.042005,            0.026743,            0.008317,            0.008317,            0.008317
                  87,            0.021073,             0.02252,           0.0029533,             0.54825,             0.52966,             0.53697,             0.33787,            0.028158,            0.046483,            0.028384,           0.0082972,           0.0082972,           0.0082972
                  88,             0.02174,            0.022991,           0.0034907,             0.58742,             0.51621,             0.54149,             0.34453,            0.027294,            0.044289,            0.029296,           0.0082774,           0.0082774,           0.0082774
                  89,            0.021675,             0.02252,           0.0029591,             0.53773,             0.55786,             0.52993,             0.33592,             0.02711,            0.042323,            0.028265,           0.0082576,           0.0082576,           0.0082576
                  90,            0.021737,            0.022404,           0.0029972,             0.56679,             0.53187,             0.53717,             0.33757,            0.027748,             0.04508,            0.024964,           0.0082378,           0.0082378,           0.0082378
                  91,            0.021225,            0.022291,           0.0032702,             0.61377,             0.53337,              0.5539,             0.34749,             0.02811,            0.043992,            0.025347,            0.008218,            0.008218,            0.008218
                  92,            0.020714,             0.02204,           0.0034289,             0.54783,             0.56372,             0.54468,              0.3476,             0.02736,            0.045329,            0.026674,           0.0081982,           0.0081982,           0.0081982
                  93,            0.021114,            0.022526,           0.0029235,             0.54752,             0.53937,              0.5374,             0.34198,            0.028001,               0.046,            0.029123,           0.0081784,           0.0081784,           0.0081784
                  94,            0.020484,            0.022749,            0.002945,             0.52349,             0.59274,             0.55951,             0.35335,            0.027465,            0.042989,            0.027026,           0.0081586,           0.0081586,           0.0081586
                  95,            0.020749,            0.021868,           0.0024478,             0.53042,             0.51652,             0.50356,             0.32198,            0.028422,            0.047323,            0.035907,           0.0081388,           0.0081388,           0.0081388
                  96,            0.021014,            0.021973,           0.0028527,             0.57699,             0.52751,             0.53414,             0.34083,            0.028532,            0.045134,            0.029237,            0.008119,            0.008119,            0.008119
                  97,            0.020403,            0.021899,           0.0028175,             0.55876,             0.53408,             0.50924,             0.32828,            0.028164,            0.046688,            0.028817,           0.0080992,           0.0080992,           0.0080992
                  98,            0.021201,            0.022332,           0.0023573,             0.54271,             0.55461,             0.52368,             0.33809,            0.027858,            0.046391,             0.02745,           0.0080794,           0.0080794,           0.0080794
                  99,            0.020485,            0.020854,           0.0028324,              0.5597,               0.562,             0.54351,             0.35275,            0.027995,            0.045974,            0.026377,           0.0080596,           0.0080596,           0.0080596
                 100,            0.019891,            0.021224,           0.0032268,             0.55599,              0.5387,              0.5402,             0.33988,            0.028462,            0.048012,            0.027349,           0.0080398,           0.0080398,           0.0080398
                 101,            0.020972,            0.021122,           0.0029991,             0.56588,             0.55102,             0.53512,             0.33173,            0.028629,             0.04803,            0.027331,             0.00802,             0.00802,             0.00802
                 102,            0.020676,            0.021144,           0.0024531,             0.54408,             0.52046,              0.5209,             0.32951,            0.028157,            0.047264,            0.029385,           0.0080002,           0.0080002,           0.0080002
                 103,            0.020506,            0.020898,           0.0023074,             0.54162,             0.49147,             0.49437,             0.31694,             0.02801,             0.05059,            0.030213,           0.0079804,           0.0079804,           0.0079804
                 104,            0.020136,            0.020942,           0.0028752,             0.52225,             0.53032,             0.51255,             0.32868,            0.028457,            0.049256,            0.031653,           0.0079606,           0.0079606,           0.0079606
                 105,             0.02095,            0.021624,           0.0025188,             0.56006,             0.52027,             0.52411,             0.33977,            0.027684,            0.046607,             0.03233,           0.0079408,           0.0079408,           0.0079408
                 106,            0.020543,            0.020943,           0.0025473,             0.55486,               0.544,             0.52316,             0.33478,            0.028246,            0.049477,            0.029348,            0.007921,            0.007921,            0.007921
                 107,            0.021037,            0.020982,           0.0024881,             0.56516,             0.55707,             0.54728,             0.34721,            0.028015,            0.048258,            0.028274,           0.0079012,           0.0079012,           0.0079012
                 108,            0.020717,            0.021671,           0.0021457,             0.58819,             0.52952,              0.5261,             0.33728,            0.028427,            0.046628,            0.031104,           0.0078814,           0.0078814,           0.0078814
                 109,            0.020628,            0.022148,           0.0028375,             0.54862,             0.52877,              0.5031,             0.32118,            0.028548,            0.049833,            0.027925,           0.0078616,           0.0078616,           0.0078616
                 110,            0.020344,            0.020795,           0.0024549,             0.55367,             0.55081,              0.5302,             0.33549,            0.028074,             0.04796,            0.030893,           0.0078418,           0.0078418,           0.0078418
                 111,            0.019991,            0.021507,           0.0024844,             0.57684,             0.52923,             0.53859,             0.34267,            0.028769,            0.050372,            0.031059,            0.007822,            0.007822,            0.007822
                 112,            0.019968,            0.020836,           0.0031631,             0.56357,              0.5696,             0.55072,             0.35042,            0.028056,            0.046234,             0.03081,           0.0078022,           0.0078022,           0.0078022
                 113,             0.02001,            0.021209,           0.0021033,             0.62751,             0.50162,             0.52909,             0.33686,             0.02826,            0.050254,             0.03156,           0.0077824,           0.0077824,           0.0077824
                 114,            0.020087,            0.020871,           0.0023828,             0.57373,             0.51064,             0.50877,             0.32881,            0.028834,            0.050446,            0.030821,           0.0077626,           0.0077626,           0.0077626
                 115,            0.019956,            0.021285,           0.0024342,             0.58616,             0.51287,             0.51951,              0.3288,            0.028614,            0.050505,            0.030916,           0.0077428,           0.0077428,           0.0077428
                 116,            0.019761,             0.02087,           0.0023179,             0.62961,             0.47043,             0.51713,             0.33462,            0.028184,            0.049171,            0.030855,            0.007723,            0.007723,            0.007723
                 117,             0.01957,            0.020132,           0.0027026,             0.57942,              0.5198,              0.5263,             0.33925,            0.027787,            0.046062,            0.030003,           0.0077032,           0.0077032,           0.0077032
                 118,            0.019589,            0.021301,           0.0029046,             0.55706,             0.50671,             0.49936,             0.31584,            0.029236,            0.050166,             0.02784,           0.0076834,           0.0076834,           0.0076834
                 119,            0.019542,            0.020577,           0.0027426,             0.56834,             0.49768,             0.51332,             0.33548,            0.028253,            0.048252,            0.029438,           0.0076636,           0.0076636,           0.0076636
                 120,            0.020126,            0.021202,           0.0024482,             0.59419,             0.52882,             0.55076,             0.34957,            0.028214,            0.046506,            0.026901,           0.0076438,           0.0076438,           0.0076438
                 121,            0.019527,            0.020619,           0.0024873,             0.57016,             0.49088,             0.52423,             0.33522,            0.028365,            0.050046,            0.028693,            0.007624,            0.007624,            0.007624
                 122,            0.020588,            0.021621,           0.0025585,             0.54515,             0.50991,             0.48992,             0.31056,            0.029778,            0.051907,            0.028724,           0.0076042,           0.0076042,           0.0076042
                 123,            0.019779,            0.020313,           0.0025001,             0.56835,             0.53637,             0.53002,             0.33997,            0.028247,            0.046579,            0.032125,           0.0075844,           0.0075844,           0.0075844
                 124,            0.019768,             0.02098,           0.0022589,             0.51566,             0.55624,             0.51405,             0.32878,            0.027847,            0.046765,            0.032605,           0.0075646,           0.0075646,           0.0075646
                 125,            0.019931,            0.020947,            0.002204,             0.56659,             0.55926,             0.53272,             0.34398,            0.028314,            0.049987,            0.030035,           0.0075448,           0.0075448,           0.0075448
                 126,            0.019622,            0.020563,           0.0018649,             0.59976,             0.55837,             0.55386,             0.35587,            0.027897,            0.046894,             0.02752,            0.007525,            0.007525,            0.007525
                 127,            0.019831,            0.020736,           0.0028052,             0.61666,             0.51436,             0.53771,             0.34724,            0.028196,            0.050168,            0.025733,           0.0075052,           0.0075052,           0.0075052
                 128,            0.019895,            0.021049,           0.0027857,              0.5831,             0.53117,             0.54657,             0.34594,            0.028108,            0.048428,            0.027818,           0.0074854,           0.0074854,           0.0074854
                 129,            0.019146,            0.020839,            0.001999,             0.60626,             0.48863,             0.53093,             0.34262,             0.02816,            0.049217,             0.03167,           0.0074656,           0.0074656,           0.0074656
                 130,            0.019393,            0.020764,           0.0026846,             0.54363,             0.55517,             0.53929,             0.34259,            0.027877,            0.046695,            0.030208,           0.0074458,           0.0074458,           0.0074458
                 131,               0.019,            0.020914,           0.0021493,             0.59088,             0.51373,             0.54865,             0.34391,             0.02834,            0.045906,            0.028806,            0.007426,            0.007426,            0.007426
                 132,            0.019319,             0.02043,           0.0022708,             0.58173,             0.52801,             0.52695,             0.33642,            0.028611,            0.049248,            0.027888,           0.0074062,           0.0074062,           0.0074062
                 133,            0.019348,            0.020491,           0.0025321,             0.59291,              0.4998,             0.51747,             0.33385,            0.028204,            0.048817,            0.029984,           0.0073864,           0.0073864,           0.0073864
                 134,            0.018838,            0.019843,           0.0027664,             0.58903,             0.52047,             0.51728,             0.33258,            0.028368,            0.050348,            0.032921,           0.0073666,           0.0073666,           0.0073666
                 135,             0.01929,            0.021119,           0.0023191,             0.57267,             0.52733,             0.53805,             0.35066,             0.02771,            0.047406,            0.031428,           0.0073468,           0.0073468,           0.0073468
                 136,             0.01972,            0.020324,           0.0024119,             0.58134,             0.52119,             0.52613,             0.33554,            0.028704,            0.051453,            0.027826,            0.007327,            0.007327,            0.007327
                 137,            0.019005,            0.020518,             0.00242,             0.52493,             0.56352,             0.51448,             0.33209,            0.027475,            0.046239,            0.030831,           0.0073072,           0.0073072,           0.0073072
                 138,            0.019339,             0.02084,           0.0022811,              0.5687,             0.52021,             0.53486,             0.35384,            0.027383,            0.047159,            0.028878,           0.0072874,           0.0072874,           0.0072874
                 139,            0.019807,            0.020363,           0.0029918,             0.55322,             0.49698,             0.48432,             0.31428,            0.028239,            0.050705,            0.032302,           0.0072676,           0.0072676,           0.0072676
                 140,            0.019142,            0.020099,           0.0025936,             0.60288,               0.476,             0.49795,             0.32242,            0.028524,            0.052292,            0.028148,           0.0072478,           0.0072478,           0.0072478
                 141,            0.018982,            0.019929,           0.0025252,             0.58595,             0.49326,             0.52827,             0.34074,            0.028236,            0.048095,            0.030012,            0.007228,            0.007228,            0.007228
                 142,            0.019338,            0.020709,           0.0024325,             0.55491,             0.53601,             0.52449,             0.33664,            0.028057,            0.049597,            0.028258,           0.0072082,           0.0072082,           0.0072082
                 143,            0.018776,            0.019615,           0.0023875,             0.60478,             0.52497,             0.53274,             0.34282,            0.028495,            0.048966,            0.032583,           0.0071884,           0.0071884,           0.0071884
                 144,            0.019178,            0.020312,            0.002038,             0.59694,             0.49548,             0.50624,             0.31878,            0.028934,            0.050722,             0.03399,           0.0071686,           0.0071686,           0.0071686
                 145,            0.018491,            0.019639,           0.0021079,             0.58921,              0.5285,             0.53687,             0.34487,            0.028844,            0.050111,            0.035922,           0.0071488,           0.0071488,           0.0071488
                 146,            0.018913,            0.019129,           0.0022493,             0.57362,             0.52844,             0.52176,             0.32741,            0.029008,            0.050076,             0.03693,            0.007129,            0.007129,            0.007129
                 147,            0.018887,            0.020457,           0.0021606,               0.558,             0.52689,             0.52193,             0.33473,            0.028362,            0.050816,            0.033984,           0.0071092,           0.0071092,           0.0071092
                 148,            0.018609,            0.019733,           0.0020855,              0.5427,             0.49609,             0.50318,             0.31664,            0.029681,            0.053625,             0.03326,           0.0070894,           0.0070894,           0.0070894
                 149,            0.018494,            0.019711,           0.0020582,             0.55308,             0.50984,             0.51187,             0.32426,            0.029122,            0.052781,            0.034275,           0.0070696,           0.0070696,           0.0070696
                 150,            0.018631,            0.019674,           0.0018008,              0.5512,             0.52399,             0.48573,             0.31454,            0.028833,            0.054695,            0.034565,           0.0070498,           0.0070498,           0.0070498
                 151,            0.018457,            0.019211,           0.0017125,             0.56969,             0.50416,             0.50377,             0.32384,            0.028635,            0.053993,             0.03206,             0.00703,             0.00703,             0.00703
                 152,            0.018347,            0.018991,           0.0016413,             0.54165,             0.50152,             0.48295,             0.31235,            0.028775,             0.05429,            0.034666,           0.0070102,           0.0070102,           0.0070102
                 153,            0.018429,            0.018807,           0.0021083,              0.5642,             0.46102,             0.48745,             0.31184,            0.029037,            0.055875,            0.035135,           0.0069904,           0.0069904,           0.0069904
                 154,            0.018522,              0.0194,           0.0021438,             0.56131,             0.49903,             0.49689,             0.32532,             0.02844,            0.054467,            0.035326,           0.0069706,           0.0069706,           0.0069706
                 155,            0.018747,            0.019662,           0.0019504,             0.57659,              0.5111,             0.51979,             0.33766,            0.027884,            0.051401,            0.033546,           0.0069508,           0.0069508,           0.0069508
                 156,            0.017963,            0.019394,           0.0018494,             0.63911,             0.46734,             0.51319,             0.33304,            0.027825,             0.05153,             0.03182,            0.006931,            0.006931,            0.006931
                 157,            0.018683,            0.019159,           0.0022653,             0.54974,             0.55261,              0.5377,             0.34389,             0.02789,            0.049291,            0.031056,           0.0069112,           0.0069112,           0.0069112
                 158,            0.018608,            0.019062,           0.0020039,             0.61373,              0.5046,             0.52961,              0.3366,            0.028596,            0.052688,            0.029466,           0.0068914,           0.0068914,           0.0068914
                 159,            0.018808,            0.019661,           0.0017576,             0.62379,             0.48715,             0.52416,              0.3344,            0.028495,            0.051921,             0.03296,           0.0068716,           0.0068716,           0.0068716
                 160,             0.01874,            0.019704,           0.0017509,             0.59974,             0.50388,              0.5208,              0.3314,            0.028953,            0.054693,            0.030906,           0.0068518,           0.0068518,           0.0068518
                 161,            0.018553,            0.018983,           0.0021251,             0.60973,             0.50906,              0.5235,             0.33198,            0.028903,            0.052233,            0.033095,            0.006832,            0.006832,            0.006832
                 162,            0.018166,            0.018616,           0.0020608,             0.62293,             0.47825,             0.52015,             0.32953,            0.028822,            0.049631,            0.037576,           0.0068122,           0.0068122,           0.0068122
                 163,            0.018144,            0.019726,           0.0019757,             0.65225,             0.45978,             0.51283,             0.32624,            0.028619,            0.051332,            0.035068,           0.0067924,           0.0067924,           0.0067924
                 164,            0.018633,             0.01941,            0.002177,             0.55801,             0.52523,             0.50203,             0.32089,             0.02898,            0.053053,            0.032677,           0.0067726,           0.0067726,           0.0067726
                 165,            0.018258,            0.019786,           0.0023105,             0.52434,              0.5097,             0.47088,             0.30593,            0.028961,            0.056091,            0.040245,           0.0067528,           0.0067528,           0.0067528
                 166,            0.017311,            0.018497,           0.0020016,             0.54815,             0.47129,             0.47107,             0.30533,            0.028763,            0.058006,            0.038388,            0.006733,            0.006733,            0.006733
                 167,            0.017611,            0.019151,           0.0018011,             0.54045,             0.50883,              0.4802,             0.31016,            0.028464,            0.052453,            0.037724,           0.0067132,           0.0067132,           0.0067132
                 168,            0.017791,             0.01893,           0.0018929,             0.56585,             0.50084,             0.49013,             0.31617,             0.02886,            0.055323,            0.035138,           0.0066934,           0.0066934,           0.0066934
                 169,            0.018323,            0.018985,            0.002207,             0.57326,             0.49569,             0.50105,             0.31961,            0.028485,             0.05341,            0.035637,           0.0066736,           0.0066736,           0.0066736
                 170,            0.018527,            0.019126,           0.0022586,             0.57071,             0.52352,             0.51853,             0.32982,            0.028547,            0.051953,             0.03156,           0.0066538,           0.0066538,           0.0066538
                 171,            0.017708,            0.019689,           0.0019098,             0.58086,             0.51109,             0.50807,             0.32841,            0.028745,            0.053039,            0.032546,            0.006634,            0.006634,            0.006634
                 172,            0.017996,            0.019277,            0.002104,             0.53792,             0.46656,             0.48411,             0.31102,            0.029487,            0.059655,            0.036984,           0.0066142,           0.0066142,           0.0066142
                 173,            0.017873,            0.019307,           0.0013564,             0.55763,              0.4896,             0.49477,             0.32246,            0.028983,            0.055981,             0.03424,           0.0065944,           0.0065944,           0.0065944
                 174,            0.017432,            0.019408,           0.0016121,             0.53658,             0.52094,             0.47872,              0.3095,            0.029014,            0.053167,             0.03445,           0.0065746,           0.0065746,           0.0065746
                 175,            0.017665,            0.018572,           0.0018944,              0.5632,              0.4829,             0.49268,             0.31028,            0.029176,            0.054245,            0.033214,           0.0065548,           0.0065548,           0.0065548
                 176,             0.01824,            0.019522,           0.0016192,             0.59005,             0.49776,             0.50496,             0.31964,            0.029106,             0.05217,            0.032461,            0.006535,            0.006535,            0.006535
                 177,            0.017472,            0.018648,           0.0015082,             0.60107,             0.50372,             0.52362,             0.33241,            0.028627,            0.049159,            0.034331,           0.0065152,           0.0065152,           0.0065152
                 178,            0.017603,            0.018734,           0.0014657,             0.59191,             0.50007,             0.50701,              0.3261,            0.029024,            0.053832,             0.03301,           0.0064954,           0.0064954,           0.0064954
                 179,            0.017412,            0.018583,           0.0019565,             0.50523,              0.5293,             0.49204,             0.31493,            0.029045,             0.05149,            0.032311,           0.0064756,           0.0064756,           0.0064756
                 180,            0.017395,            0.019003,           0.0016996,             0.56219,             0.48392,             0.49577,             0.32236,            0.028828,            0.056233,            0.034335,           0.0064558,           0.0064558,           0.0064558
                 181,            0.017822,            0.018545,           0.0016857,              0.5768,             0.50227,               0.503,             0.31903,            0.029546,            0.055056,            0.034618,            0.006436,            0.006436,            0.006436
                 182,            0.017951,            0.018514,           0.0017946,             0.54215,             0.50072,             0.49264,             0.31168,            0.029352,             0.05411,            0.032445,           0.0064162,           0.0064162,           0.0064162
                 183,            0.017379,            0.018262,           0.0019749,              0.5537,             0.50717,             0.50087,             0.31615,            0.028856,            0.051324,            0.033006,           0.0063964,           0.0063964,           0.0063964
                 184,            0.017221,             0.01796,           0.0020222,             0.48897,             0.51204,             0.47041,             0.29669,            0.028956,            0.052529,            0.039734,           0.0063766,           0.0063766,           0.0063766
                 185,            0.017814,            0.018193,           0.0017276,             0.51996,              0.5038,             0.47831,             0.29967,            0.029035,            0.055718,            0.036229,           0.0063568,           0.0063568,           0.0063568
                 186,            0.017746,            0.018554,           0.0016499,             0.56541,             0.50763,             0.49496,              0.3108,            0.029447,            0.054866,             0.03595,            0.006337,            0.006337,            0.006337
                 187,            0.017623,            0.018951,           0.0017473,             0.53301,             0.51449,               0.488,              0.3054,            0.028992,            0.055244,            0.035515,           0.0063172,           0.0063172,           0.0063172
                 188,            0.017554,             0.01909,           0.0018962,             0.57702,             0.52278,             0.50861,             0.32318,            0.029257,            0.054546,            0.032382,           0.0062974,           0.0062974,           0.0062974
                 189,            0.017087,            0.019082,           0.0017988,             0.55685,             0.48854,             0.48995,             0.31501,            0.029412,            0.057455,             0.03172,           0.0062776,           0.0062776,           0.0062776
                 190,            0.017319,            0.017665,           0.0015974,             0.55788,             0.52145,              0.5178,             0.33215,            0.028786,            0.055237,            0.032757,           0.0062578,           0.0062578,           0.0062578
                 191,            0.017437,            0.018338,           0.0016499,             0.63394,             0.48953,              0.5199,             0.33577,            0.028265,             0.05241,            0.032639,            0.006238,            0.006238,            0.006238
                 192,            0.016942,            0.018601,           0.0017181,             0.59727,             0.49128,             0.49339,             0.31864,            0.028787,            0.055778,            0.033921,           0.0062182,           0.0062182,           0.0062182
                 193,            0.017214,            0.017828,           0.0019816,             0.56381,             0.45598,             0.48632,             0.31749,            0.028582,            0.057228,             0.03603,           0.0061984,           0.0061984,           0.0061984
                 194,            0.017577,            0.018377,           0.0017549,             0.52134,              0.5152,             0.48357,             0.31436,            0.029076,            0.056337,            0.036063,           0.0061786,           0.0061786,           0.0061786
                 195,            0.017573,            0.018873,           0.0014714,             0.55527,             0.52389,             0.51564,             0.33187,            0.029145,            0.055702,            0.032726,           0.0061588,           0.0061588,           0.0061588
                 196,            0.016891,            0.018216,           0.0015966,             0.56546,             0.52348,             0.50376,             0.32578,             0.02846,            0.054635,            0.034424,            0.006139,            0.006139,            0.006139
                 197,            0.017282,            0.018227,           0.0015935,             0.54137,             0.52674,             0.49405,             0.31594,             0.02854,            0.056962,            0.034723,           0.0061192,           0.0061192,           0.0061192
                 198,            0.016882,            0.018121,           0.0016569,             0.53086,             0.54178,             0.51579,             0.32578,            0.028338,            0.052937,            0.035543,           0.0060994,           0.0060994,           0.0060994
                 199,            0.017224,            0.018224,           0.0016488,             0.56645,             0.51408,             0.51487,             0.33513,            0.028275,            0.054012,            0.033478,           0.0060796,           0.0060796,           0.0060796
                 200,            0.016689,            0.017898,           0.0017782,             0.54913,             0.56903,             0.53027,             0.33958,            0.028201,            0.051634,            0.031723,           0.0060598,           0.0060598,           0.0060598
                 201,            0.017107,            0.018145,           0.0017123,             0.57218,             0.51366,             0.52831,             0.33877,            0.028714,            0.053966,            0.032578,             0.00604,             0.00604,             0.00604
                 202,            0.017327,             0.01846,           0.0019662,             0.52054,             0.52895,             0.51426,             0.32519,            0.028636,             0.05438,            0.033247,           0.0060202,           0.0060202,           0.0060202
                 203,            0.017041,            0.018596,            0.002338,             0.58117,             0.49548,             0.51208,             0.32602,            0.028146,            0.049965,            0.035451,           0.0060004,           0.0060004,           0.0060004
                 204,            0.017366,            0.018632,           0.0019374,             0.54823,             0.53927,             0.51802,             0.32451,            0.028439,            0.052644,            0.030223,           0.0059806,           0.0059806,           0.0059806
                 205,            0.017115,            0.018813,           0.0015307,             0.53723,             0.51718,             0.49007,             0.30809,             0.02894,            0.055492,            0.032905,           0.0059608,           0.0059608,           0.0059608
                 206,            0.017262,            0.018879,           0.0012349,             0.54018,             0.51826,             0.48281,             0.30733,            0.028619,            0.054848,            0.035734,            0.005941,            0.005941,            0.005941
                 207,            0.016726,            0.018086,           0.0016636,             0.54519,             0.52733,             0.49617,              0.3131,            0.028321,            0.054924,            0.034403,           0.0059212,           0.0059212,           0.0059212
                 208,            0.017177,            0.018451,           0.0014995,              0.6604,             0.48172,             0.50835,             0.31546,            0.028368,             0.05431,            0.035004,           0.0059014,           0.0059014,           0.0059014
                 209,            0.016566,            0.018361,           0.0014149,             0.58115,             0.49553,             0.49092,             0.31225,            0.028978,            0.056963,            0.035539,           0.0058816,           0.0058816,           0.0058816
                 210,            0.016751,            0.017465,           0.0015701,             0.62552,             0.46446,             0.50207,             0.32058,            0.028411,            0.053521,            0.038013,           0.0058618,           0.0058618,           0.0058618
                 211,            0.017169,             0.01798,           0.0016785,             0.57526,             0.49103,             0.48007,             0.30427,            0.029038,            0.056456,            0.036835,            0.005842,            0.005842,            0.005842
                 212,            0.016738,            0.017796,           0.0014161,             0.57692,              0.4682,             0.48557,             0.30486,            0.029324,            0.054762,            0.039943,           0.0058222,           0.0058222,           0.0058222
                 213,            0.016985,            0.018685,           0.0013133,             0.60501,             0.48092,             0.49016,             0.30559,            0.029076,            0.053571,            0.039168,           0.0058024,           0.0058024,           0.0058024
                 214,            0.016697,            0.017868,           0.0014169,             0.56739,             0.49707,             0.49229,             0.30557,            0.029493,            0.055227,            0.034566,           0.0057826,           0.0057826,           0.0057826
                 215,            0.017021,            0.017342,           0.0014462,              0.5378,             0.52726,             0.49337,             0.31052,            0.029379,            0.055489,            0.033071,           0.0057628,           0.0057628,           0.0057628
                 216,            0.016319,            0.017477,            0.001383,              0.6189,             0.45832,             0.48353,             0.31153,            0.029092,            0.055206,            0.037018,            0.005743,            0.005743,            0.005743
                 217,            0.016556,            0.017364,           0.0013914,             0.52873,             0.49832,             0.45479,             0.29205,            0.029007,            0.055413,            0.040273,           0.0057232,           0.0057232,           0.0057232
                 218,             0.01625,            0.018327,           0.0013903,             0.52651,             0.50213,             0.46379,             0.29839,            0.028202,            0.054156,            0.040273,           0.0057034,           0.0057034,           0.0057034
                 219,            0.016686,            0.017638,           0.0016755,             0.53939,             0.49854,             0.48169,             0.30394,            0.028295,            0.054045,            0.038625,           0.0056836,           0.0056836,           0.0056836
                 220,            0.016639,            0.017983,           0.0013054,             0.57341,             0.46229,             0.46023,             0.29628,            0.029068,             0.06047,            0.036811,           0.0056638,           0.0056638,           0.0056638
                 221,            0.016241,            0.017749,           0.0012019,             0.55578,             0.50343,             0.47828,              0.3064,            0.028644,            0.058248,            0.035861,            0.005644,            0.005644,            0.005644
                 222,            0.016553,            0.018321,           0.0012067,              0.5521,             0.47669,             0.47332,             0.29746,             0.02939,            0.062466,            0.034402,           0.0056242,           0.0056242,           0.0056242
                 223,            0.016871,             0.01773,           0.0014019,             0.55441,             0.51213,             0.48229,             0.30742,            0.028416,            0.055276,            0.040978,           0.0056044,           0.0056044,           0.0056044
                 224,            0.016284,            0.017479,            0.001311,             0.53132,             0.47878,              0.4694,             0.30896,            0.028571,            0.061343,             0.04199,           0.0055846,           0.0055846,           0.0055846
                 225,            0.016161,            0.017095,           0.0011182,             0.54486,             0.52061,             0.49325,             0.31898,            0.028414,            0.056226,             0.04108,           0.0055648,           0.0055648,           0.0055648
                 226,            0.016527,            0.017502,            0.001476,             0.52427,             0.50455,             0.47536,             0.30433,            0.028443,            0.056466,             0.03847,            0.005545,            0.005545,            0.005545
                 227,            0.016269,             0.01719,           0.0013063,              0.5423,              0.4765,             0.45744,             0.29541,             0.02842,             0.05911,            0.039667,           0.0055252,           0.0055252,           0.0055252
                 228,            0.016535,            0.017916,           0.0014942,             0.53924,             0.49534,             0.46877,             0.30164,            0.028593,            0.058795,            0.038743,           0.0055054,           0.0055054,           0.0055054
                 229,            0.015976,            0.017131,           0.0017743,             0.53573,             0.48702,             0.44486,             0.28586,            0.028666,            0.060202,            0.038939,           0.0054856,           0.0054856,           0.0054856
                 230,             0.01585,            0.017278,            0.001656,             0.52054,             0.47579,             0.44829,             0.28801,            0.028479,            0.060922,            0.041923,           0.0054658,           0.0054658,           0.0054658
                 231,            0.016549,            0.016925,           0.0014288,              0.5248,             0.47789,             0.46043,             0.29572,            0.028651,            0.059619,            0.042794,            0.005446,            0.005446,            0.005446
                 232,            0.016177,            0.017077,            0.001243,              0.5237,             0.52101,             0.46957,             0.30369,            0.028243,            0.055177,            0.042484,           0.0054262,           0.0054262,           0.0054262
                 233,            0.016088,             0.01786,           0.0016298,             0.57247,             0.50202,             0.48576,             0.31242,            0.028842,            0.058437,            0.038459,           0.0054064,           0.0054064,           0.0054064
                 234,            0.016248,            0.017281,            0.001428,             0.53726,             0.50441,             0.48998,             0.31685,             0.02879,            0.057846,             0.03878,           0.0053866,           0.0053866,           0.0053866
                 235,            0.016074,            0.017753,           0.0016845,             0.58571,             0.47086,             0.48264,             0.31373,            0.029423,            0.059615,             0.03649,           0.0053668,           0.0053668,           0.0053668
                 236,            0.016687,            0.017259,           0.0016655,             0.54533,             0.51066,             0.48336,             0.31287,            0.028819,            0.057948,            0.035363,            0.005347,            0.005347,            0.005347
                 237,            0.015951,             0.01815,           0.0011224,             0.60642,              0.5023,             0.49689,             0.32148,             0.02874,             0.05939,            0.037559,           0.0053272,           0.0053272,           0.0053272
                 238,            0.015956,            0.017349,           0.0015583,             0.55062,             0.52906,             0.49607,             0.32217,            0.028615,            0.057716,            0.037787,           0.0053074,           0.0053074,           0.0053074
                 239,            0.015732,            0.016756,           0.0012439,             0.56348,             0.48934,             0.47293,             0.30246,            0.029369,            0.061281,            0.037889,           0.0052876,           0.0052876,           0.0052876
                 240,            0.015818,            0.016977,           0.0011481,             0.54772,             0.52689,             0.49481,             0.31988,            0.028671,            0.057312,            0.035957,           0.0052678,           0.0052678,           0.0052678
                 241,            0.015936,             0.01714,           0.0011739,             0.57122,             0.50833,             0.49526,             0.32137,            0.028694,            0.059589,            0.034791,            0.005248,            0.005248,            0.005248
